{
  "ques2img.png": [
    {
      "version": 1,
      "uploaded_by": "1773330521859",
      "timestamp": 1773881359.7963846
    }
  ],
  "Homework3.pdf": [
    {
      "version": 1,
      "uploaded_by": "1773330521859",
      "timestamp": 1774721421.5018163
    }
  ],
  "S26_162_E2_Practice.pdf": [
    {
      "version": 1,
      "uploaded_by": "06c758ac-0ac6-4b05-9b0c-1243eb8c157d",
      "timestamp": 1774913380.639831
    }
  ]
}